product_id,product_name,category,sub_category,brand,unit_cost,unit_price,weight_lbs,lead_time_days,reorder_point,abc_class,active_flag
SKU-0001,Tonight Tires Part 1,Tires,Side,Brown-Foley,17.38,227.27,11.24,24,23,A,True
SKU-0002,Fund Tires Part 2,Tires,Organization,Becker-Strong,446.63,78.68,21.15,1,21,A,True
SKU-0003,Present Electrical Part 3,Electrical,Policy,Robinson-Chapman,255.15,30.96,10.02,21,99,A,True
SKU-0004,Field Filtration Part 4,Filtration,Civil,Smith,114.12,475.52,40.49,1,30,A,True
SKU-0005,Little Tires Part 5,Tires,Visit,"Watson,",173.42,132.83,47.86,11,23,A,True
SKU-0006,Yet Braking Part 6,Braking,Candidate,Miller-Floyd,52.87,679.52,30.23,26,15,A,True
SKU-0007,Letter Tires Part 7,Tires,Degree,Medina,270.43,778.76,18.99,18,47,A,True
SKU-0008,Somebody AC Parts Part 8,AC Parts,Purpose,Sparks,311.17,690.75,28.91,23,18,A,True
SKU-0009,Point Braking Part 9,Braking,Smile,"Steele,",117.81,238.62,4.08,8,22,A,True
SKU-0010,Increase Electrical Part 10,Electrical,Society,"Schaefer,",229.44,668.95,8.22,12,36,A,True
SKU-0011,Like Tires Part 11,Tires,Western,Warner,352.4,550.0,3.66,21,31,A,True
SKU-0012,Play Filtration Part 12,Filtration,Less,"Miller,",126.18,375.19,13.57,30,91,A,True
SKU-0013,Study Tires Part 13,Tires,Finish,Huang-Bradley,113.71,266.18,38.44,2,39,A,True
SKU-0014,Recognize AC Parts Part 14,AC Parts,Project,Diaz,403.5,326.92,3.4,30,82,A,True
SKU-0015,Whom Suspension Part 15,Suspension,Center,Benton,160.77,527.8,19.84,30,92,A,True
SKU-0016,Phone Filtration Part 16,Filtration,Write,Thompson-Washington,136.12,204.84,28.11,9,84,A,True
SKU-0017,Upon Filtration Part 17,Filtration,Economic,Williams,293.85,295.98,49.87,5,75,A,True
SKU-0018,Artist Filtration Part 18,Filtration,Me,Nelson,379.11,690.27,7.73,6,97,A,True
SKU-0019,Near Filtration Part 19,Filtration,Culture,Foster-Ray,36.45,311.48,49.81,17,42,A,True
SKU-0020,And Drivetrain Part 20,Drivetrain,Film,"Foley,",431.09,19.07,36.06,22,78,A,True
SKU-0021,Road AC Parts Part 21,AC Parts,Anything,Harris,385.46,278.74,14.75,6,68,A,True
SKU-0022,State Braking Part 22,Braking,Science,"Rangel,",362.44,578.55,48.6,25,32,A,True
SKU-0023,Keep Filtration Part 23,Filtration,Left,Sherman,57.67,503.99,42.1,17,87,A,True
SKU-0024,Inside Braking Part 24,Braking,Responsibility,Moran-Price,190.09,137.62,47.68,30,77,A,True
SKU-0025,Best Suspension Part 25,Suspension,Bed,Jones-Herrera,301.48,396.0,5.68,12,49,A,True
SKU-0026,Condition Electrical Part 26,Electrical,As,Villa-Lee,124.23,458.21,4.03,24,72,A,True
SKU-0027,Upon AC Parts Part 27,AC Parts,Ask,Bowers-Quinn,489.1,430.84,6.38,22,70,A,True
SKU-0028,Door Drivetrain Part 28,Drivetrain,American,"Melendez,",86.74,426.86,30.37,7,79,A,True
SKU-0029,Yourself AC Parts Part 29,AC Parts,Avoid,Wright,346.48,573.23,20.01,22,93,A,True
SKU-0030,Public Electrical Part 30,Electrical,Consider,Carpenter-Conway,450.31,366.67,12.47,3,53,A,True
SKU-0031,Happy Braking Part 31,Braking,Rule,Pratt,279.19,474.87,0.46,23,90,A,True
SKU-0032,Assume Braking Part 32,Braking,Bring,Miles,38.36,34.82,16.59,17,40,A,True
SKU-0033,Plant Electrical Part 33,Electrical,Hotel,Wilson-Pacheco,245.28,435.99,36.2,29,83,A,True
SKU-0034,Major Tires Part 34,Tires,Expert,"Obrien,",125.28,383.65,20.41,4,22,A,True
SKU-0035,His Tires Part 35,Tires,Main,Miller,180.38,334.77,43.21,2,96,A,True
SKU-0036,Land Tires Part 36,Tires,Dark,"Miller,",324.86,57.88,36.44,26,23,A,True
SKU-0037,Reality Electrical Part 37,Electrical,Drop,"Yang,",99.15,364.4,21.15,9,69,A,True
SKU-0038,Condition Electrical Part 38,Electrical,However,"West,",462.02,360.07,43.08,18,22,A,True
SKU-0039,Suggest Braking Part 39,Braking,Catch,Guerra-Bailey,499.64,670.46,48.45,30,40,A,True
SKU-0040,Score Braking Part 40,Braking,Thought,Jones,245.39,178.86,20.11,2,31,A,True
SKU-0041,Often Electrical Part 41,Electrical,Address,Evans,492.73,219.51,39.23,15,46,A,True
SKU-0042,Consumer Filtration Part 42,Filtration,Choose,Mcmahon-Jennings,478.87,796.38,27.83,23,72,A,True
SKU-0043,Market Braking Part 43,Braking,Grow,"Contreras,",151.87,775.28,29.0,18,17,A,True
SKU-0044,Fish Tires Part 44,Tires,Draw,Garcia,33.3,471.5,25.19,28,77,A,True
SKU-0045,Likely Braking Part 45,Braking,Glass,Davidson-White,480.59,73.29,9.37,20,18,A,True
SKU-0046,Own Tires Part 46,Tires,Shake,Green,121.43,104.71,44.53,8,84,A,True
SKU-0047,Chair Tires Part 47,Tires,Drive,Thompson,311.59,341.19,29.23,17,50,A,True
SKU-0048,Enjoy Drivetrain Part 48,Drivetrain,Those,"Sims,",106.11,575.79,12.01,13,26,A,True
SKU-0049,Through Tires Part 49,Tires,Family,Olsen,153.5,259.78,37.62,3,11,A,True
SKU-0050,Wife Filtration Part 50,Filtration,Remain,Ochoa,499.23,796.92,3.76,7,74,A,True
SKU-0051,Information Electrical Part 51,Electrical,Owner,"Cohen,",466.96,705.88,43.98,12,46,A,True
SKU-0052,Rest Braking Part 52,Braking,Game,Clark,417.7,565.8,30.62,26,93,A,True
SKU-0053,Trip Filtration Part 53,Filtration,Bank,"Roberson,",335.59,448.14,46.59,4,27,A,True
SKU-0054,General Electrical Part 54,Electrical,Future,Hopkins,445.41,596.51,7.86,10,87,A,True
SKU-0055,Lot Electrical Part 55,Electrical,Focus,Hayes,174.73,553.12,42.66,17,72,A,True
SKU-0056,Effect Electrical Part 56,Electrical,Investment,James,454.54,50.13,31.75,27,45,A,True
SKU-0057,Continue Braking Part 57,Braking,Source,Montoya-Fuller,170.11,113.35,48.99,6,66,A,True
SKU-0058,Spring Tires Part 58,Tires,Network,"Krueger,",216.71,17.64,3.85,29,98,A,True
SKU-0059,To Suspension Part 59,Suspension,All,"Li,",275.07,669.33,29.17,5,65,A,True
SKU-0060,Man Braking Part 60,Braking,Wife,"Park,",157.59,720.2,39.83,28,15,A,True
SKU-0061,Education Suspension Part 61,Suspension,Drug,Snyder,108.99,207.13,5.23,25,81,A,True
SKU-0062,Upon Suspension Part 62,Suspension,Stay,Obrien-Leonard,206.16,500.32,7.81,30,40,A,True
SKU-0063,Political Suspension Part 63,Suspension,Treatment,Romero,488.22,650.51,44.08,1,32,A,True
SKU-0064,Science Tires Part 64,Tires,Moment,Hansen-Whitney,169.43,745.34,40.13,28,41,A,True
SKU-0065,Fight Electrical Part 65,Electrical,Truth,"Griffin,",394.75,95.4,43.62,28,70,A,True
SKU-0066,Throughout Electrical Part 66,Electrical,Tough,Henry,409.21,373.64,15.33,26,39,A,True
SKU-0067,Interview Electrical Part 67,Electrical,More,"Armstrong,",331.72,324.79,14.0,3,45,A,True
SKU-0068,Sport Electrical Part 68,Electrical,No,Owens-Dickson,257.16,546.82,42.2,11,13,A,True
SKU-0069,Control Braking Part 69,Braking,Reason,Young,485.35,151.07,48.13,9,14,A,True
SKU-0070,Big Braking Part 70,Braking,Bring,Peterson,220.11,585.55,15.75,20,75,A,True
SKU-0071,Sign Braking Part 71,Braking,Activity,Cannon-Davis,450.25,160.16,2.31,14,10,A,True
SKU-0072,Quite Filtration Part 72,Filtration,It,Davidson-Williams,404.22,552.62,47.02,24,95,A,True
SKU-0073,Public Braking Part 73,Braking,Trouble,Morse-Dennis,218.49,759.61,46.05,20,50,A,True
SKU-0074,Loss Tires Part 74,Tires,Mouth,Brown,66.69,721.04,25.41,22,62,A,True
SKU-0075,Clear Electrical Part 75,Electrical,Fall,Jordan,350.12,447.99,9.67,22,58,A,True
SKU-0076,Player Tires Part 76,Tires,Physical,Flores-Mcdonald,451.89,496.26,15.12,18,10,A,True
SKU-0077,Eat Electrical Part 77,Electrical,Then,"Marquez,",109.04,630.75,30.37,11,69,A,True
SKU-0078,Network Filtration Part 78,Filtration,Letter,Fernandez-David,339.44,413.83,39.71,26,31,A,True
SKU-0079,Us Tires Part 79,Tires,Order,"Jones,",145.47,534.44,31.0,3,40,A,True
SKU-0080,Pm Tires Part 80,Tires,Hard,Harris,116.2,167.31,1.32,8,70,A,True
SKU-0081,Both Tires Part 81,Tires,Try,Sanchez-Aguilar,385.4,369.78,44.32,19,34,A,True
SKU-0082,Partner Tires Part 82,Tires,Actually,"Thomas,",195.07,325.73,7.46,23,10,A,True
SKU-0083,Where Suspension Part 83,Suspension,Production,Larson-Wood,430.92,709.52,38.94,8,32,A,True
SKU-0084,Friend AC Parts Part 84,AC Parts,However,Marshall,349.48,376.99,27.91,30,25,A,True
SKU-0085,Wish Filtration Part 85,Filtration,Form,"Henderson,",401.7,537.39,49.4,20,50,A,True
SKU-0086,Each Drivetrain Part 86,Drivetrain,Involve,Hart-Oconnell,446.26,494.0,35.99,17,64,A,True
SKU-0087,North AC Parts Part 87,AC Parts,Accept,Cervantes-Bowman,276.2,718.79,37.21,16,67,A,True
SKU-0088,Young Electrical Part 88,Electrical,Strong,"Garcia,",127.38,513.75,38.31,17,72,A,True
SKU-0089,American Tires Part 89,Tires,Deep,Harper-Frank,140.93,71.21,14.36,9,52,A,True
SKU-0090,Economy Electrical Part 90,Electrical,Myself,"Gutierrez,",272.38,119.32,11.64,23,29,A,True
SKU-0091,Mission Tires Part 91,Tires,Bar,Alexander,36.79,332.0,27.18,14,17,A,True
SKU-0092,East Electrical Part 92,Electrical,Talk,"Morales,",212.97,724.82,29.25,23,12,A,True
SKU-0093,Simple Suspension Part 93,Suspension,Television,Weber,383.97,310.5,0.39,12,48,A,True
SKU-0094,Give AC Parts Part 94,AC Parts,Dog,"Mitchell,",427.46,763.21,21.01,24,79,A,True
SKU-0095,Who AC Parts Part 95,AC Parts,Ground,"Robbins,",449.42,395.7,13.72,16,13,A,True
SKU-0096,Stage Electrical Part 96,Electrical,Magazine,Grimes-Ho,336.09,640.53,36.24,27,69,A,True
SKU-0097,Turn Suspension Part 97,Suspension,Answer,Blevins-Ramos,490.46,431.96,45.36,19,82,A,True
SKU-0098,Support Tires Part 98,Tires,Tonight,Larson-Mckinney,46.55,348.6,43.36,6,16,A,True
SKU-0099,Avoid Electrical Part 99,Electrical,Fall,Smith-Smith,167.04,369.21,16.94,29,58,A,True
SKU-0100,Officer Electrical Part 100,Electrical,You,Brady-Parker,475.85,343.04,41.76,16,12,A,True
SKU-0101,Raise Tires Part 101,Tires,Teacher,Jackson-Perry,30.78,762.02,11.29,3,93,A,True
SKU-0102,Option Braking Part 102,Braking,Operation,Bush,20.36,205.35,41.98,20,29,A,True
SKU-0103,Only Electrical Part 103,Electrical,Girl,Santiago,239.41,100.37,47.39,15,99,A,True
SKU-0104,Sure Electrical Part 104,Electrical,Nation,Gregory,187.6,488.66,48.19,23,24,A,True
SKU-0105,Evidence AC Parts Part 105,AC Parts,Course,Johns-Mack,86.06,255.72,28.98,30,49,A,True
SKU-0106,He Tires Part 106,Tires,Toward,"Meyer,",454.47,306.49,47.08,7,19,A,True
SKU-0107,Summer Tires Part 107,Tires,Draw,Stone-Perez,416.13,201.85,34.89,10,97,A,True
SKU-0108,Run Tires Part 108,Tires,Yes,"Ramos,",64.92,787.24,39.15,12,78,A,True
SKU-0109,Pattern Filtration Part 109,Filtration,At,Reyes,188.43,409.71,17.13,28,63,A,True
SKU-0110,Strong AC Parts Part 110,AC Parts,Spend,Knapp-White,57.24,769.02,31.82,27,68,A,True
SKU-0111,Guy Tires Part 111,Tires,Health,Hunt-Perez,220.57,589.7,48.28,9,88,A,True
SKU-0112,Fire AC Parts Part 112,AC Parts,Green,Atkins-Gill,271.4,391.96,21.84,24,85,A,True
SKU-0113,Name Electrical Part 113,Electrical,Again,Newman,426.6,666.28,4.42,29,67,A,True
SKU-0114,House Electrical Part 114,Electrical,Pay,Murphy-Smith,235.03,492.16,19.01,1,73,A,True
SKU-0115,Water Suspension Part 115,Suspension,Year,Conley,95.01,177.57,39.91,11,45,A,True
SKU-0116,Among Suspension Part 116,Suspension,Design,"Hicks,",352.09,228.25,0.61,7,20,A,True
SKU-0117,Imagine Electrical Part 117,Electrical,Southern,Quinn-Smith,206.18,448.59,12.09,16,92,A,True
SKU-0118,Especially Tires Part 118,Tires,There,Chung-Jacobs,226.85,23.62,14.78,13,98,A,True
SKU-0119,Eye Electrical Part 119,Electrical,Change,"Banks,",333.66,301.53,27.72,12,64,A,True
SKU-0120,Claim Drivetrain Part 120,Drivetrain,Second,Thompson-Hardin,277.44,287.93,22.74,10,42,A,True
SKU-0121,Past Electrical Part 121,Electrical,Little,Morris-Hampton,362.04,259.28,37.17,25,98,B,True
SKU-0122,Make Braking Part 122,Braking,Firm,Solomon-Robinson,112.11,392.52,36.26,25,77,B,True
SKU-0123,Well Tires Part 123,Tires,Recognize,Roberson,490.35,667.78,14.88,12,32,B,True
SKU-0124,Purpose Electrical Part 124,Electrical,Hotel,Little,355.47,110.0,2.37,2,80,B,True
SKU-0125,Make Electrical Part 125,Electrical,Book,Odom,472.32,513.92,37.66,4,11,B,True
SKU-0126,Accept Tires Part 126,Tires,Reason,Stein,237.35,357.97,9.3,2,42,B,True
SKU-0127,Time Drivetrain Part 127,Drivetrain,Respond,"Wood,",241.48,659.47,20.1,3,83,B,True
SKU-0128,Opportunity Tires Part 128,Tires,Than,"Lynch,",31.54,127.87,28.19,10,20,B,True
SKU-0129,Media Drivetrain Part 129,Drivetrain,Country,"Thompson,",63.63,613.91,30.36,26,89,B,True
SKU-0130,Moment Electrical Part 130,Electrical,Prevent,"Rollins,",263.67,365.91,22.19,28,85,B,True
SKU-0131,Church Drivetrain Part 131,Drivetrain,Could,Palmer-Bonilla,156.16,500.61,30.52,24,22,B,True
SKU-0132,Successful Drivetrain Part 132,Drivetrain,Thought,"Wong,",107.86,176.71,33.06,6,40,B,True
SKU-0133,Yeah Braking Part 133,Braking,More,Osborne-Underwood,42.16,12.11,22.58,20,70,B,True
SKU-0134,Debate Electrical Part 134,Electrical,Painting,"Valencia,",119.58,568.5,35.18,15,19,B,True
SKU-0135,Floor Tires Part 135,Tires,Myself,Campbell,462.34,632.38,31.29,22,35,B,True
SKU-0136,Mention Filtration Part 136,Filtration,That,"Trujillo,",274.56,521.63,45.43,27,28,B,True
SKU-0137,The Braking Part 137,Braking,Different,"Harris,",87.13,253.01,37.47,19,46,B,True
SKU-0138,Begin Filtration Part 138,Filtration,Everything,Patrick-Thomas,237.01,250.23,20.19,9,74,B,True
SKU-0139,On Filtration Part 139,Filtration,Even,"Diaz,",221.69,482.45,44.48,24,51,B,True
SKU-0140,Pick Tires Part 140,Tires,Institution,Moses,17.8,190.85,33.75,28,83,B,True
SKU-0141,Hospital Tires Part 141,Tires,Understand,Moore-Chavez,15.27,614.16,41.09,19,15,B,True
SKU-0142,Must AC Parts Part 142,AC Parts,Continue,"Hill,",91.72,419.98,22.17,9,33,B,True
SKU-0143,Important Drivetrain Part 143,Drivetrain,Star,Robinson,220.76,653.25,48.46,16,54,B,True
SKU-0144,Appear Filtration Part 144,Filtration,Operation,Smith-White,163.92,92.63,8.13,14,98,B,True
SKU-0145,Draw Filtration Part 145,Filtration,Firm,Little,332.98,326.36,38.05,2,68,B,True
SKU-0146,Process Braking Part 146,Braking,Sea,Chen,129.94,101.58,38.65,28,75,B,True
SKU-0147,Hold AC Parts Part 147,AC Parts,Front,"Lopez,",5.57,696.8,23.15,2,34,B,True
SKU-0148,Ago Filtration Part 148,Filtration,Fall,"White,",313.2,403.81,22.16,2,36,B,True
SKU-0149,Drug Electrical Part 149,Electrical,Assume,Bowen,69.85,237.54,44.05,16,25,B,True
SKU-0150,Himself Braking Part 150,Braking,Staff,"Hayden,",316.86,641.46,35.52,10,80,B,True
SKU-0151,Per Braking Part 151,Braking,Surface,Fernandez,206.96,187.51,42.09,4,69,B,True
SKU-0152,Personal Drivetrain Part 152,Drivetrain,Suggest,Edwards,325.62,131.64,46.64,10,75,B,True
SKU-0153,Born Tires Part 153,Tires,Follow,Smith,210.67,391.17,23.66,15,80,B,True
SKU-0154,Ability Braking Part 154,Braking,Strong,"Byrd,",99.35,483.51,37.34,5,18,B,True
SKU-0155,Yourself Electrical Part 155,Electrical,Here,Ryan-Love,396.05,337.8,46.72,17,44,B,True
SKU-0156,Animal AC Parts Part 156,AC Parts,Third,"Burns,",145.01,245.86,29.39,22,72,B,True
SKU-0157,Air Suspension Part 157,Suspension,Level,"Roberts,",226.04,392.63,16.69,25,79,B,True
SKU-0158,Exactly Electrical Part 158,Electrical,Not,"Crosby,",466.76,696.99,49.04,8,83,B,True
SKU-0159,Reflect Electrical Part 159,Electrical,Skill,"Jenkins,",428.73,334.51,15.98,16,100,B,True
SKU-0160,Report Suspension Part 160,Suspension,Fish,Daniels-Smith,193.71,790.85,39.64,21,29,B,True
SKU-0161,Walk Filtration Part 161,Filtration,Six,"Nguyen,",23.32,406.81,29.55,28,22,B,True
SKU-0162,Time Suspension Part 162,Suspension,Identify,Charles-Jones,222.95,425.5,22.9,24,28,B,True
SKU-0163,Chance Filtration Part 163,Filtration,Begin,Levine-Daugherty,329.12,131.95,23.53,9,53,B,True
SKU-0164,Himself Tires Part 164,Tires,Professor,Irwin-Roberts,201.75,73.45,16.5,22,78,B,True
SKU-0165,Store Electrical Part 165,Electrical,With,Allen,161.75,577.79,37.99,28,79,B,True
SKU-0166,Room Braking Part 166,Braking,Speech,"Smith,",38.87,508.62,46.05,8,21,B,True
SKU-0167,Despite Filtration Part 167,Filtration,Why,"Rosario,",53.73,510.66,43.64,15,31,B,True
SKU-0168,Politics Tires Part 168,Tires,Specific,"Gonzalez,",452.19,46.33,39.83,10,55,B,True
SKU-0169,Individual Electrical Part 169,Electrical,Rock,Butler-Cochran,77.06,429.62,28.34,26,33,B,True
SKU-0170,Decide Braking Part 170,Braking,Increase,Wilson,44.09,697.96,31.02,8,73,B,True
SKU-0171,Put Suspension Part 171,Suspension,For,Hayden-Strong,75.84,374.31,12.77,9,95,B,True
SKU-0172,Mrs Braking Part 172,Braking,Reality,Anderson,403.29,721.96,33.91,6,19,B,True
SKU-0173,Less Filtration Part 173,Filtration,Evidence,"Wright,",176.05,474.18,31.98,14,98,B,True
SKU-0174,Call Electrical Part 174,Electrical,To,"Torres,",423.43,167.38,19.3,16,23,B,True
SKU-0175,Quality Electrical Part 175,Electrical,Forward,"Hawkins,",288.1,464.1,49.64,10,12,B,True
SKU-0176,Identify Drivetrain Part 176,Drivetrain,Kid,"Chapman,",330.82,226.84,28.34,22,16,B,True
SKU-0177,Mention Suspension Part 177,Suspension,Explain,Griffin,373.86,667.94,45.16,25,39,B,True
SKU-0178,Decade Tires Part 178,Tires,During,"Shepherd,",179.4,512.93,31.08,22,94,B,True
SKU-0179,Explain Tires Part 179,Tires,And,Brown-Bailey,72.71,86.76,31.41,2,49,B,True
SKU-0180,Piece AC Parts Part 180,AC Parts,Scientist,"Roberts,",21.52,298.24,6.66,30,47,B,True
SKU-0181,Movie Electrical Part 181,Electrical,Dinner,Jenkins-Johnson,210.67,168.63,39.35,29,56,B,True
SKU-0182,Yourself Filtration Part 182,Filtration,Stage,"Vance,",457.18,666.07,12.92,27,71,B,True
SKU-0183,Forward Drivetrain Part 183,Drivetrain,Game,Johnson-Molina,151.1,697.61,40.23,15,19,B,True
SKU-0184,Weight Braking Part 184,Braking,Particular,"Bryant,",483.42,689.51,36.24,13,81,B,True
SKU-0185,Their Electrical Part 185,Electrical,Music,Smith,396.39,21.0,26.87,15,57,B,True
SKU-0186,Position Tires Part 186,Tires,Than,Arnold,337.81,471.8,41.14,12,23,B,True
SKU-0187,Know Tires Part 187,Tires,Record,Reed,238.38,499.44,47.16,11,88,B,True
SKU-0188,Pull Electrical Part 188,Electrical,Small,Bailey,36.29,660.85,45.48,10,93,B,True
SKU-0189,Total Filtration Part 189,Filtration,Kitchen,Davis,74.19,757.55,15.29,16,24,B,True
SKU-0190,Take Braking Part 190,Braking,Eat,Owens-Garrison,444.19,117.17,22.74,22,99,B,True
SKU-0191,Adult Drivetrain Part 191,Drivetrain,War,Taylor,212.47,596.39,7.81,14,93,B,True
SKU-0192,Door Braking Part 192,Braking,Subject,Lynch-Shaw,247.23,332.41,47.58,2,98,B,True
SKU-0193,Most Electrical Part 193,Electrical,War,"Douglas,",224.47,760.94,42.79,4,97,B,True
SKU-0194,Deep Electrical Part 194,Electrical,Stuff,Johnston-Lewis,451.34,519.41,3.12,9,34,B,True
SKU-0195,Nearly Drivetrain Part 195,Drivetrain,These,Sanchez,474.76,661.11,4.67,7,92,B,True
SKU-0196,Believe Tires Part 196,Tires,Firm,"Mercer,",485.69,49.96,16.74,5,82,B,True
SKU-0197,Which Electrical Part 197,Electrical,Bank,"Juarez,",415.76,447.82,29.36,27,39,B,True
SKU-0198,Particularly Electrical Part 198,Electrical,She,Rowe,78.04,721.42,0.24,28,28,B,True
SKU-0199,Among Drivetrain Part 199,Drivetrain,Hot,Fletcher-Huang,272.41,640.83,5.59,28,13,B,True
SKU-0200,Method Braking Part 200,Braking,East,Bishop,182.33,632.86,29.48,1,32,B,True
SKU-0201,Mean Electrical Part 201,Electrical,All,"Wilson,",67.75,342.56,5.77,3,70,B,True
SKU-0202,Approach Filtration Part 202,Filtration,Similar,Martin,184.21,479.0,22.66,8,88,B,True
SKU-0203,Environmental Braking Part 203,Braking,Way,Stevens,392.7,694.91,26.12,15,92,B,True
SKU-0204,Something Drivetrain Part 204,Drivetrain,Party,Jones,35.11,388.4,20.14,22,23,B,True
SKU-0205,Knowledge Filtration Part 205,Filtration,Early,"Singh,",455.3,68.06,4.13,20,28,B,True
SKU-0206,Brother Braking Part 206,Braking,Study,"Torres,",141.13,510.13,27.46,11,58,B,True
SKU-0207,Challenge Drivetrain Part 207,Drivetrain,Series,Lopez-Medina,267.63,368.44,30.31,4,99,B,True
SKU-0208,Meeting Braking Part 208,Braking,Lawyer,Cuevas,329.08,703.39,27.61,28,37,B,True
SKU-0209,Pattern Filtration Part 209,Filtration,Item,Cameron,444.61,336.91,41.39,13,63,B,True
SKU-0210,House Tires Part 210,Tires,Clear,Armstrong,159.71,256.89,12.82,5,97,B,True
SKU-0211,Season Suspension Part 211,Suspension,Economic,Nguyen,38.23,667.1,4.75,4,57,B,True
SKU-0212,Such AC Parts Part 212,AC Parts,Peace,Lam,280.4,473.31,28.12,11,95,B,True
SKU-0213,Manager Braking Part 213,Braking,Remember,Phillips,180.03,535.62,37.54,28,16,B,True
SKU-0214,Officer Drivetrain Part 214,Drivetrain,Particular,"Baxter,",302.2,287.8,28.94,7,29,B,True
SKU-0215,Mouth Tires Part 215,Tires,Sense,Keller,116.0,95.49,42.28,12,24,B,True
SKU-0216,Run AC Parts Part 216,AC Parts,Lead,"Williams,",289.18,647.7,42.27,25,89,B,True
SKU-0217,Can Tires Part 217,Tires,Business,Frye-Wagner,323.14,30.74,46.46,27,98,B,True
SKU-0218,Speech Electrical Part 218,Electrical,Hair,Green-Ho,94.31,565.13,15.52,11,54,B,True
SKU-0219,Security Braking Part 219,Braking,Hold,Snyder,435.58,457.39,20.1,5,91,B,True
SKU-0220,Feel Drivetrain Part 220,Drivetrain,Point,"Miller,",50.42,429.08,18.87,15,53,B,True
SKU-0221,Example Braking Part 221,Braking,Major,Webb-Bush,159.26,266.26,47.08,20,20,B,True
SKU-0222,Reveal Suspension Part 222,Suspension,There,Pierce,82.01,606.0,2.58,3,44,B,True
SKU-0223,Sing Filtration Part 223,Filtration,Team,Schultz,214.89,489.59,20.77,7,75,B,True
SKU-0224,Hotel Braking Part 224,Braking,Outside,"Pittman,",217.81,233.76,33.96,16,77,B,True
SKU-0225,Best Tires Part 225,Tires,Sense,Mejia,27.48,322.26,30.01,1,36,B,True
SKU-0226,Start Electrical Part 226,Electrical,Her,Stephens-Jones,109.56,118.42,12.85,11,25,B,True
SKU-0227,And Braking Part 227,Braking,Poor,Coleman,374.77,148.8,19.07,23,39,B,True
SKU-0228,Alone Filtration Part 228,Filtration,Meeting,"Lee,",417.51,646.9,3.7,28,15,B,True
SKU-0229,Image Filtration Part 229,Filtration,Degree,Garrett,232.58,71.51,15.72,14,83,B,True
SKU-0230,Improve Filtration Part 230,Filtration,Food,Thomas,321.87,238.72,20.31,11,31,B,True
SKU-0231,Though AC Parts Part 231,AC Parts,Those,Hall,310.97,667.3,46.0,3,65,B,True
SKU-0232,Color AC Parts Part 232,AC Parts,Knowledge,Reyes-Medina,125.44,475.21,26.25,13,49,B,True
SKU-0233,Responsibility Tires Part 233,Tires,Last,Jones-Williams,114.68,625.5,3.91,21,24,B,True
SKU-0234,Relationship Filtration Part 234,Filtration,Service,"Mills,",100.98,623.22,17.62,27,92,B,True
SKU-0235,Whole AC Parts Part 235,AC Parts,Suffer,"Garrett,",121.95,125.69,9.94,20,29,B,True
SKU-0236,Door AC Parts Part 236,AC Parts,Any,Valenzuela-Johnson,329.48,149.95,38.67,16,69,B,True
SKU-0237,Senior AC Parts Part 237,AC Parts,Activity,Brooks-Lambert,381.14,364.64,46.22,19,92,B,True
SKU-0238,Pressure Tires Part 238,Tires,Matter,Nguyen-Frederick,314.14,692.76,31.4,5,66,B,True
SKU-0239,Sister Braking Part 239,Braking,Deep,Wallace,223.89,249.23,13.81,2,55,B,True
SKU-0240,Amount Filtration Part 240,Filtration,Between,Walter,158.65,367.01,2.94,27,46,B,True
SKU-0241,Movie Braking Part 241,Braking,Base,Nichols,432.8,685.68,30.79,17,59,B,True
SKU-0242,Group Filtration Part 242,Filtration,After,Kelly,279.39,635.54,44.8,15,83,B,True
SKU-0243,Board Tires Part 243,Tires,Rich,Bullock-Morgan,164.16,385.75,7.63,2,67,B,True
SKU-0244,Another Braking Part 244,Braking,Culture,Jackson,450.07,281.32,35.74,17,92,B,True
SKU-0245,Sit Braking Part 245,Braking,Add,Long,127.63,355.83,22.03,17,88,B,True
SKU-0246,Soldier Braking Part 246,Braking,Sign,Bird-Gentry,189.56,233.49,20.5,11,96,B,True
SKU-0247,Hope Tires Part 247,Tires,Show,Carpenter-Pennington,395.67,521.37,3.39,4,81,B,True
SKU-0248,With Tires Part 248,Tires,Something,Little,145.65,581.75,32.86,30,87,B,True
SKU-0249,Federal Suspension Part 249,Suspension,Best,Bowman,170.01,470.36,7.16,12,49,B,True
SKU-0250,Prove Drivetrain Part 250,Drivetrain,Structure,"Palmer,",350.75,319.65,29.79,3,49,B,True
SKU-0251,Happen Tires Part 251,Tires,Few,Powers-Gay,323.53,269.5,6.48,23,97,B,True
SKU-0252,View Suspension Part 252,Suspension,Reflect,Juarez,51.26,539.66,25.47,1,56,B,True
SKU-0253,Often Electrical Part 253,Electrical,Image,Leon-Russell,475.83,279.97,38.33,7,38,B,True
SKU-0254,Certainly Drivetrain Part 254,Drivetrain,Strong,Patel-Strickland,81.7,243.68,39.43,17,79,B,True
SKU-0255,Sing AC Parts Part 255,AC Parts,Stage,"Gonzalez,",442.42,39.82,16.9,25,89,B,True
SKU-0256,Right Braking Part 256,Braking,Despite,"Moore,",191.48,138.18,41.58,25,89,B,True
SKU-0257,Seek AC Parts Part 257,AC Parts,Report,"Alexander,",86.94,355.76,20.6,22,40,B,True
SKU-0258,White Drivetrain Part 258,Drivetrain,As,Archer-Williams,307.24,604.39,39.21,8,78,B,True
SKU-0259,Difficult Electrical Part 259,Electrical,Design,Brock-Bradford,482.97,629.65,45.21,7,57,B,True
SKU-0260,Worry Tires Part 260,Tires,Career,Gonzalez,287.36,358.07,38.49,25,58,B,True
SKU-0261,Occur Filtration Part 261,Filtration,Baby,Mendoza,212.24,138.03,10.06,20,27,B,True
SKU-0262,Discussion Suspension Part 262,Suspension,Respond,Mckay,30.83,389.67,18.62,30,23,B,True
SKU-0263,Then Tires Part 263,Tires,Store,"King,",260.38,108.5,4.29,6,44,B,True
SKU-0264,Economic Filtration Part 264,Filtration,Central,Ramos-Valdez,259.11,666.53,4.68,30,38,B,True
SKU-0265,This AC Parts Part 265,AC Parts,Herself,Mitchell,442.89,745.07,20.8,13,74,B,True
SKU-0266,Occur Electrical Part 266,Electrical,Central,Lee,196.15,74.47,11.3,11,22,B,True
SKU-0267,Third AC Parts Part 267,AC Parts,Dream,Atkins-Cordova,326.73,635.19,6.97,10,70,B,True
SKU-0268,Enjoy Tires Part 268,Tires,Must,Nielsen,73.7,567.37,22.49,1,20,B,True
SKU-0269,Near Braking Part 269,Braking,Democrat,"White,",111.75,128.12,47.02,20,77,B,True
SKU-0270,Sell Filtration Part 270,Filtration,Prevent,Lawrence,389.21,197.74,6.18,8,63,B,True
SKU-0271,Worry Tires Part 271,Tires,Talk,Young-Edwards,313.29,59.62,41.85,16,86,B,True
SKU-0272,Quite Filtration Part 272,Filtration,Under,Knight,317.82,464.29,35.96,10,64,B,True
SKU-0273,Learn Braking Part 273,Braking,Their,Houston-Estrada,179.64,460.82,9.45,22,20,B,True
SKU-0274,School Filtration Part 274,Filtration,Whom,Osborn,183.5,763.19,27.25,26,74,B,True
SKU-0275,Large Tires Part 275,Tires,Cup,"Vasquez,",198.27,381.41,31.82,12,42,B,True
SKU-0276,Analysis Tires Part 276,Tires,By,Weaver,181.76,63.37,12.13,22,90,B,True
SKU-0277,Notice Braking Part 277,Braking,Type,Hernandez-Glover,293.04,607.78,6.76,12,79,B,True
SKU-0278,There Electrical Part 278,Electrical,Day,West-Lee,323.18,666.0,34.27,23,71,B,True
SKU-0279,To Tires Part 279,Tires,Air,Clark-Lawrence,406.69,59.85,38.83,15,14,B,True
SKU-0280,Employee Electrical Part 280,Electrical,Compare,Green,26.68,167.58,2.19,30,49,B,True
SKU-0281,War Filtration Part 281,Filtration,Pattern,"Andrews,",494.62,438.99,12.74,25,92,B,True
SKU-0282,Water Braking Part 282,Braking,Debate,Curtis-Reid,181.7,626.86,43.3,11,44,B,True
SKU-0283,Author Braking Part 283,Braking,Cause,Nicholson-Maldonado,187.17,712.69,37.19,29,59,B,True
SKU-0284,Factor Electrical Part 284,Electrical,Garden,Anderson,97.47,556.73,18.43,26,76,B,True
SKU-0285,Author Electrical Part 285,Electrical,Put,Sullivan,45.89,345.35,21.59,27,33,B,True
SKU-0286,Hundred Filtration Part 286,Filtration,Republican,Lee,164.0,73.25,33.08,10,67,B,True
SKU-0287,Wrong Tires Part 287,Tires,Information,Allen,215.93,554.91,17.64,2,55,B,True
SKU-0288,Company Tires Part 288,Tires,Perhaps,"Myers,",220.3,515.18,39.59,2,19,B,True
SKU-0289,Last Tires Part 289,Tires,Always,"Anderson,",206.07,415.34,37.52,6,13,B,True
SKU-0290,Wait Braking Part 290,Braking,Wear,White-Reynolds,305.75,627.24,1.84,3,40,B,True
SKU-0291,Today AC Parts Part 291,AC Parts,Home,Sanchez,186.33,312.45,28.41,20,29,B,True
SKU-0292,Article Tires Part 292,Tires,Relationship,"Stewart,",474.67,303.89,38.18,19,27,B,True
SKU-0293,Than Filtration Part 293,Filtration,Us,Mitchell,202.03,523.15,12.56,4,13,B,True
SKU-0294,Few Tires Part 294,Tires,Father,Lopez,252.03,315.72,28.13,9,43,B,True
SKU-0295,None Tires Part 295,Tires,Else,"Hanson,",111.21,493.38,34.73,16,35,B,True
SKU-0296,Born Braking Part 296,Braking,Future,"Floyd,",427.15,367.11,44.94,15,21,B,True
SKU-0297,Suffer AC Parts Part 297,AC Parts,Last,Butler-Duke,483.94,789.39,33.43,23,18,B,True
SKU-0298,Collection Filtration Part 298,Filtration,Power,"Hart,",148.73,246.97,7.96,23,99,B,True
SKU-0299,Health Tires Part 299,Tires,Miss,Baker,397.88,411.92,6.16,7,27,B,True
SKU-0300,Art Electrical Part 300,Electrical,Relate,Anderson,249.54,295.11,28.66,15,80,B,True
SKU-0301,Picture Braking Part 301,Braking,Send,"Page,",442.7,61.94,19.97,23,71,B,True
SKU-0302,Court Filtration Part 302,Filtration,Box,Cameron,385.74,660.44,3.78,11,92,B,True
SKU-0303,On Braking Part 303,Braking,Painting,"Wu,",235.59,418.71,6.5,27,80,B,True
SKU-0304,Outside Tires Part 304,Tires,Factor,Graves-Cortez,95.07,773.35,21.69,30,17,B,True
SKU-0305,Project AC Parts Part 305,AC Parts,Ahead,Montoya,261.46,250.26,8.18,30,100,B,True
SKU-0306,Compare Electrical Part 306,Electrical,Know,Allen-Lee,474.0,419.93,14.27,3,42,B,True
SKU-0307,Executive Braking Part 307,Braking,List,Michael,478.39,226.82,31.29,20,78,B,True
SKU-0308,Voice Braking Part 308,Braking,Pass,Cook-Johnson,322.29,477.53,29.07,6,94,B,True
SKU-0309,Employee Tires Part 309,Tires,Bed,Allen-Gardner,451.49,276.72,46.2,2,13,B,True
SKU-0310,Pattern Braking Part 310,Braking,Opportunity,Turner,474.53,619.11,13.31,7,83,B,True
SKU-0311,Sister Filtration Part 311,Filtration,Test,Pierce,321.3,403.45,31.4,10,92,B,True
SKU-0312,Southern Drivetrain Part 312,Drivetrain,Attack,Raymond,244.06,645.7,34.28,10,68,B,True
SKU-0313,Thing Braking Part 313,Braking,Understand,Murphy,34.66,357.29,24.26,7,53,B,True
SKU-0314,Whole Tires Part 314,Tires,Claim,Freeman-Zimmerman,159.73,577.51,36.74,28,54,B,True
SKU-0315,Attorney Drivetrain Part 315,Drivetrain,Art,"Bush,",69.73,302.73,28.13,11,40,B,True
SKU-0316,Property Filtration Part 316,Filtration,Size,"Shea,",137.4,205.86,4.93,10,59,B,True
SKU-0317,Full Suspension Part 317,Suspension,Thank,Campbell-Ochoa,211.98,770.52,45.13,27,51,B,True
SKU-0318,Product Drivetrain Part 318,Drivetrain,Specific,Thomas,361.96,159.97,8.05,17,69,B,True
SKU-0319,Its Filtration Part 319,Filtration,Admit,Davis-Peterson,157.73,28.31,47.27,17,68,B,True
SKU-0320,Guess Drivetrain Part 320,Drivetrain,Table,"Jenkins,",111.5,288.79,2.62,16,86,B,True
SKU-0321,Bring Suspension Part 321,Suspension,Relationship,Wilson-Guerrero,328.86,381.76,26.88,28,23,B,True
SKU-0322,Station Filtration Part 322,Filtration,Charge,"Mcbride,",441.82,584.73,38.22,12,15,B,True
SKU-0323,Treatment Filtration Part 323,Filtration,Article,"Krueger,",287.29,163.78,27.71,3,59,B,True
SKU-0324,Least Filtration Part 324,Filtration,Thing,Vasquez-Fisher,383.38,230.98,49.46,22,88,B,True
SKU-0325,Policy Braking Part 325,Braking,Appear,"Rios,",487.67,321.18,39.77,11,81,B,True
SKU-0326,Benefit Drivetrain Part 326,Drivetrain,My,Jones,378.71,167.26,25.51,17,15,B,True
SKU-0327,So Braking Part 327,Braking,Gas,Hernandez-Warren,72.83,273.1,23.74,15,29,B,True
SKU-0328,Which Tires Part 328,Tires,Congress,Macias-Burton,260.18,269.09,30.69,6,60,B,True
SKU-0329,Memory Drivetrain Part 329,Drivetrain,Under,Thomas,370.96,246.4,16.89,27,75,B,True
SKU-0330,Wall Filtration Part 330,Filtration,Off,Griffin,355.83,246.83,40.81,12,52,B,True
SKU-0331,No Tires Part 331,Tires,Office,"Lee,",490.05,471.12,39.86,24,98,B,True
SKU-0332,Some Tires Part 332,Tires,None,Morton-Johnson,300.47,219.77,32.81,25,84,B,True
SKU-0333,Herself Tires Part 333,Tires,All,"Baxter,",362.09,470.98,8.61,21,89,B,True
SKU-0334,Dog AC Parts Part 334,AC Parts,Difficult,Wolfe-Harris,193.19,659.11,12.19,19,99,B,True
SKU-0335,Ability Braking Part 335,Braking,Operation,"Powell,",14.37,257.82,7.66,23,36,B,True
SKU-0336,Physical Filtration Part 336,Filtration,Bed,"Vargas,",388.61,737.21,43.65,24,17,B,True
SKU-0337,Stay Tires Part 337,Tires,Cell,"Hudson,",261.75,453.1,49.91,16,77,B,True
SKU-0338,Door Electrical Part 338,Electrical,Concern,Leonard-Grant,478.56,373.13,26.7,18,55,B,True
SKU-0339,Kitchen Tires Part 339,Tires,Kind,Baird-Calderon,434.49,547.79,40.2,9,88,B,True
SKU-0340,Especially Filtration Part 340,Filtration,Practice,Reid-Flynn,478.88,230.42,15.0,10,46,B,True
SKU-0341,Difference Tires Part 341,Tires,Stage,"Tyler,",346.67,396.31,24.04,18,45,B,True
SKU-0342,Something Electrical Part 342,Electrical,Lawyer,"Phillips,",288.87,439.12,44.8,13,54,B,True
SKU-0343,What Drivetrain Part 343,Drivetrain,Case,"Anthony,",403.28,239.46,14.45,23,20,B,True
SKU-0344,Specific Electrical Part 344,Electrical,Lead,"Wilson,",223.98,212.59,24.01,7,78,B,True
SKU-0345,Back Electrical Part 345,Electrical,These,Olsen,283.2,224.58,5.55,24,85,B,True
SKU-0346,Local Electrical Part 346,Electrical,Star,"Owen,",30.13,725.1,11.36,8,16,B,True
SKU-0347,Reveal Braking Part 347,Braking,Age,Brooks,168.5,383.2,34.09,5,10,B,True
SKU-0348,Another Drivetrain Part 348,Drivetrain,Paper,"Fleming,",489.07,134.77,32.68,29,70,B,True
SKU-0349,Effort Filtration Part 349,Filtration,Area,Miller-Miles,103.73,771.49,16.13,21,17,B,True
SKU-0350,Truth Suspension Part 350,Suspension,Bar,"Moore,",49.28,463.57,26.8,24,14,B,True
SKU-0351,Five Suspension Part 351,Suspension,Recent,Johnson-Lyons,91.66,706.97,8.87,30,14,B,True
SKU-0352,Woman Drivetrain Part 352,Drivetrain,Simply,Moore,201.51,401.35,46.84,28,47,B,True
SKU-0353,Take Suspension Part 353,Suspension,Brother,Brown-Smith,9.59,458.69,5.45,11,46,B,True
SKU-0354,Matter Filtration Part 354,Filtration,Number,"Lawrence,",322.45,424.21,44.47,5,74,B,True
SKU-0355,Subject Filtration Part 355,Filtration,Democratic,"Gilbert,",100.44,98.99,8.21,15,92,B,True
SKU-0356,Wear Electrical Part 356,Electrical,Election,Walls,97.17,591.93,39.56,19,96,B,True
SKU-0357,Else AC Parts Part 357,AC Parts,Forget,Cooper-Robinson,91.87,686.36,44.86,27,64,B,True
SKU-0358,Party Filtration Part 358,Filtration,Recent,Stewart-Marshall,47.94,538.71,9.32,5,71,B,True
SKU-0359,Player Electrical Part 359,Electrical,Child,"Sanchez,",127.78,216.02,11.85,25,44,B,True
SKU-0360,Produce Drivetrain Part 360,Drivetrain,Maintain,Brown-Brown,154.46,581.08,0.67,21,56,B,True
SKU-0361,Cup Tires Part 361,Tires,Camera,Rice-Martinez,35.75,103.4,15.41,13,97,B,True
SKU-0362,Eye Filtration Part 362,Filtration,Care,Jones,448.08,565.81,15.62,4,91,B,True
SKU-0363,Magazine Suspension Part 363,Suspension,Support,"Martinez,",151.04,495.55,11.03,5,71,B,True
SKU-0364,Despite Braking Part 364,Braking,Particularly,"Wright,",375.13,488.53,20.85,18,70,B,True
SKU-0365,Leg AC Parts Part 365,AC Parts,Thought,Mullen,401.99,662.23,38.12,22,86,B,True
SKU-0366,Enough Suspension Part 366,Suspension,Society,Lyons,45.53,362.93,35.22,3,82,B,True
SKU-0367,Effort Braking Part 367,Braking,Particularly,Hall,415.24,723.28,10.19,18,29,B,True
SKU-0368,Quality Braking Part 368,Braking,Energy,Gonzalez,427.97,359.05,34.05,23,84,B,True
SKU-0369,Mind Filtration Part 369,Filtration,Through,"Williams,",449.95,361.93,2.88,5,75,B,True
SKU-0370,Remain Filtration Part 370,Filtration,Peace,Ballard,284.14,451.45,33.67,10,12,B,True
SKU-0371,Act Electrical Part 371,Electrical,Generation,Gonzales,409.14,599.19,28.96,2,64,B,True
SKU-0372,Item Electrical Part 372,Electrical,Idea,Brown,36.56,795.36,46.74,3,70,B,True
SKU-0373,Fine Braking Part 373,Braking,Nice,Williams-Nixon,207.39,617.49,38.31,24,92,B,True
SKU-0374,Draw Drivetrain Part 374,Drivetrain,Less,Hawkins-Thomas,190.36,714.15,22.48,30,58,B,True
SKU-0375,Personal Electrical Part 375,Electrical,Artist,Anderson,342.95,532.82,27.01,21,54,B,True
SKU-0376,Be Braking Part 376,Braking,Base,"Weaver,",496.46,320.52,6.45,8,10,B,True
SKU-0377,Item AC Parts Part 377,AC Parts,Lot,"Russell,",489.35,375.77,35.98,14,78,B,True
SKU-0378,Her Electrical Part 378,Electrical,Put,Pollard,118.68,373.89,7.84,7,24,B,True
SKU-0379,Friend Braking Part 379,Braking,Upon,"Wise,",331.8,495.79,46.82,29,12,B,True
SKU-0380,Determine Electrical Part 380,Electrical,Many,"Mcgrath,",38.31,479.22,22.38,22,100,B,True
SKU-0381,Itself Suspension Part 381,Suspension,Leader,Hutchinson-Herrera,126.14,44.95,22.0,18,37,B,True
SKU-0382,Meet AC Parts Part 382,AC Parts,Statement,Smith,389.15,120.71,49.67,8,83,B,True
SKU-0383,Specific Electrical Part 383,Electrical,Standard,Roberts,300.97,541.3,16.1,10,28,B,True
SKU-0384,What Drivetrain Part 384,Drivetrain,Fill,"Stone,",263.02,336.71,13.83,18,85,B,True
SKU-0385,Establish Suspension Part 385,Suspension,East,Mcdonald,456.23,504.53,21.42,16,16,B,True
SKU-0386,Owner Drivetrain Part 386,Drivetrain,Ok,"Liu,",471.09,540.36,39.31,11,99,B,True
SKU-0387,Range Filtration Part 387,Filtration,Eat,Watson-Winters,78.86,307.4,37.75,16,40,B,True
SKU-0388,Message AC Parts Part 388,AC Parts,Season,Chen,153.86,568.99,40.31,30,17,B,True
SKU-0389,Against Tires Part 389,Tires,Piece,Smith-Deleon,484.05,450.26,6.79,8,42,B,True
SKU-0390,Personal Electrical Part 390,Electrical,Her,"Robinson,",325.12,738.56,42.37,3,78,B,True
SKU-0391,Marriage Tires Part 391,Tires,Start,Taylor,99.29,222.08,33.72,20,15,B,True
SKU-0392,Light Suspension Part 392,Suspension,Pressure,Rodriguez,98.14,611.74,36.24,18,37,B,True
SKU-0393,Fact Filtration Part 393,Filtration,Speech,Mendez-Schwartz,435.39,273.04,47.86,1,37,B,True
SKU-0394,Again Drivetrain Part 394,Drivetrain,Beyond,Washington-Reed,481.23,102.68,49.98,16,41,B,True
SKU-0395,Her Tires Part 395,Tires,On,"Owens,",353.37,323.34,12.04,11,46,B,True
SKU-0396,Campaign Electrical Part 396,Electrical,Bar,Carter,269.16,293.82,13.15,17,73,B,True
SKU-0397,However Filtration Part 397,Filtration,Mouth,Tran,402.39,580.71,38.11,11,36,B,True
SKU-0398,Focus Electrical Part 398,Electrical,Good,Gilmore,209.9,454.39,11.14,5,12,B,True
SKU-0399,Popular Electrical Part 399,Electrical,Political,Duran-Martin,467.71,467.52,20.94,5,35,B,True
SKU-0400,All Electrical Part 400,Electrical,Population,"Johnson,",193.02,668.36,25.02,21,97,B,True
SKU-0401,Fight Electrical Part 401,Electrical,Conference,Cannon,382.86,396.01,36.21,24,72,B,True
SKU-0402,On Filtration Part 402,Filtration,International,Morgan-Rodriguez,367.72,288.22,7.08,18,72,B,True
SKU-0403,Note Braking Part 403,Braking,Part,"Allison,",445.24,792.36,47.87,17,14,B,True
SKU-0404,Economic AC Parts Part 404,AC Parts,Oil,Herman-Foley,41.79,656.22,2.52,1,62,B,True
SKU-0405,Eat Braking Part 405,Braking,Area,"Pearson,",317.2,63.69,7.64,7,74,B,True
SKU-0406,Never Filtration Part 406,Filtration,Spring,Zimmerman,34.92,513.81,46.7,30,71,B,True
SKU-0407,Protect Tires Part 407,Tires,Very,Harrell-Petty,12.79,430.45,20.63,1,77,B,True
SKU-0408,Draw Tires Part 408,Tires,Knowledge,"Little,",270.19,236.48,25.16,23,96,B,True
SKU-0409,Station Filtration Part 409,Filtration,Carry,Bird,470.16,151.62,45.91,17,29,B,True
SKU-0410,Allow Electrical Part 410,Electrical,Others,Dalton,311.79,209.41,17.79,26,60,B,True
SKU-0411,Perhaps Braking Part 411,Braking,Get,Wilkinson-Torres,479.85,372.61,12.24,23,38,B,True
SKU-0412,Short Electrical Part 412,Electrical,Range,Watkins-Stout,414.89,73.69,49.58,21,14,B,True
SKU-0413,Middle Braking Part 413,Braking,Rule,Cooley-Phillips,192.74,446.63,2.9,1,99,B,True
SKU-0414,Smile Braking Part 414,Braking,Organization,Bentley-Jones,252.43,352.79,39.24,19,22,B,True
SKU-0415,Rate Suspension Part 415,Suspension,Material,George-Thompson,459.98,191.52,45.07,23,82,B,True
SKU-0416,Door Filtration Part 416,Filtration,Itself,"Gray,",28.05,68.73,46.29,29,79,B,True
SKU-0417,Return Tires Part 417,Tires,Young,"Shepherd,",21.29,743.73,15.79,7,85,B,True
SKU-0418,Fight Braking Part 418,Braking,Kid,"Hawkins,",411.24,658.51,46.45,10,30,B,True
SKU-0419,Behind Tires Part 419,Tires,Example,"Rogers,",285.51,681.06,33.88,18,52,B,True
SKU-0420,We Electrical Part 420,Electrical,Later,"Flores,",371.17,634.49,34.5,3,74,B,True
SKU-0421,Them Tires Part 421,Tires,Four,Hall-Valdez,176.2,87.17,11.68,3,53,B,True
SKU-0422,Sell Tires Part 422,Tires,Begin,Wright-Ruiz,308.86,480.53,48.45,11,13,B,True
SKU-0423,Say Tires Part 423,Tires,Share,Meyer-Young,392.86,365.93,11.48,18,58,B,True
SKU-0424,Relationship Filtration Part 424,Filtration,Loss,Cooper,341.45,531.93,4.38,20,47,B,True
SKU-0425,Star AC Parts Part 425,AC Parts,Smile,Hester,357.99,74.81,7.8,23,91,B,True
SKU-0426,Lead Braking Part 426,Braking,Drop,"Wallace,",197.86,294.95,4.67,10,66,B,True
SKU-0427,Simply Electrical Part 427,Electrical,Father,Rivers-White,138.53,114.68,9.45,15,81,B,True
SKU-0428,New Tires Part 428,Tires,Assume,Cortez,206.98,30.75,17.76,3,86,B,True
SKU-0429,Information Tires Part 429,Tires,Long,"Lee,",165.59,314.34,14.66,13,20,B,True
SKU-0430,Civil Tires Part 430,Tires,Test,"Thompson,",281.97,794.26,12.21,17,31,B,True
SKU-0431,Thus Tires Part 431,Tires,He,Berg,88.9,222.45,13.49,5,18,B,True
SKU-0432,Born Braking Part 432,Braking,Discuss,Fitzpatrick-Owens,141.6,246.8,39.16,12,42,B,True
SKU-0433,Firm Drivetrain Part 433,Drivetrain,Recently,Swanson-Schneider,361.85,401.68,30.87,15,23,B,True
SKU-0434,Too Braking Part 434,Braking,You,Howard-Nichols,8.35,322.6,42.1,13,52,B,True
SKU-0435,Pay Filtration Part 435,Filtration,Whether,Reeves,218.16,660.59,32.59,20,27,B,True
SKU-0436,Price Electrical Part 436,Electrical,Reach,"Smith,",303.59,559.28,24.0,6,60,B,True
SKU-0437,White Drivetrain Part 437,Drivetrain,My,"Price,",149.27,559.02,24.6,19,41,B,True
SKU-0438,Hold Electrical Part 438,Electrical,Senior,Hunt-Hale,143.75,630.83,18.31,30,82,B,True
SKU-0439,City Braking Part 439,Braking,Then,"Tyler,",498.65,152.14,38.4,1,69,B,True
SKU-0440,Because Drivetrain Part 440,Drivetrain,Might,Martin-Roberts,108.78,640.17,41.58,3,62,B,True
SKU-0441,Subject Tires Part 441,Tires,Check,Stevenson,73.89,249.24,12.71,5,64,B,True
SKU-0442,Sport AC Parts Part 442,AC Parts,Sport,"Curry,",41.61,792.65,24.01,13,78,B,True
SKU-0443,Toward Filtration Part 443,Filtration,Western,Washington-Huerta,460.59,556.45,27.23,26,56,B,True
SKU-0444,Better Tires Part 444,Tires,Animal,Reid-Sullivan,407.09,479.12,45.73,4,41,B,True
SKU-0445,View Tires Part 445,Tires,Nature,Estrada,180.73,521.13,2.31,21,96,B,True
SKU-0446,Work Tires Part 446,Tires,Easy,"Meyer,",483.57,271.96,39.83,4,11,B,True
SKU-0447,Box Braking Part 447,Braking,Future,"Copeland,",114.89,600.01,27.94,23,83,B,True
SKU-0448,Near Electrical Part 448,Electrical,Out,"Morales,",190.19,375.82,34.01,23,74,B,True
SKU-0449,Three Braking Part 449,Braking,Blue,"Escobar,",498.86,391.39,14.84,30,20,B,True
SKU-0450,Send Braking Part 450,Braking,Any,"Hodges,",470.63,121.92,15.66,15,36,B,True
SKU-0451,While Filtration Part 451,Filtration,Bag,Casey,177.41,87.12,36.13,15,50,B,True
SKU-0452,Leave Braking Part 452,Braking,Deep,Garcia-Daniels,27.12,571.52,1.23,11,92,B,True
SKU-0453,Year Braking Part 453,Braking,Finally,"Scott,",401.02,744.64,37.05,17,32,B,True
SKU-0454,Those Tires Part 454,Tires,Ago,Bailey,168.84,346.83,23.16,26,61,B,True
SKU-0455,Or Tires Part 455,Tires,Have,Daniel,97.26,529.27,19.84,24,88,B,True
SKU-0456,Example Suspension Part 456,Suspension,Sell,Stokes-Khan,227.54,349.35,0.32,7,36,B,True
SKU-0457,Bad Electrical Part 457,Electrical,Dream,Moody,353.36,638.85,28.91,26,78,B,True
SKU-0458,Offer Braking Part 458,Braking,He,"Huerta,",166.36,371.46,13.19,28,72,B,True
SKU-0459,Ask Filtration Part 459,Filtration,Hard,Watts-Smith,321.36,481.61,30.6,19,24,B,True
SKU-0460,Policy Electrical Part 460,Electrical,Four,Lambert,423.53,497.72,40.71,23,48,B,True
SKU-0461,Heart Suspension Part 461,Suspension,Memory,Fisher,297.13,540.97,15.73,8,49,B,True
SKU-0462,Public Braking Part 462,Braking,Start,Rivera-Kelley,189.79,121.67,19.48,20,27,B,True
SKU-0463,Million Tires Part 463,Tires,Nice,Torres,214.4,394.47,26.92,30,92,B,True
SKU-0464,Project Drivetrain Part 464,Drivetrain,Feel,"Douglas,",90.75,141.82,14.51,6,50,B,True
SKU-0465,Name AC Parts Part 465,AC Parts,Fish,Stephens,311.61,693.76,47.6,16,27,B,True
SKU-0466,Free Braking Part 466,Braking,Great,"Barnes,",195.05,453.65,32.69,14,97,B,True
SKU-0467,Arrive Filtration Part 467,Filtration,Fact,"Ponce,",356.52,360.64,8.45,19,13,B,True
SKU-0468,But AC Parts Part 468,AC Parts,Become,Mills,114.16,35.83,11.32,10,31,B,True
SKU-0469,Alone AC Parts Part 469,AC Parts,Ok,"Figueroa,",285.0,620.31,24.82,17,24,B,True
SKU-0470,Important Tires Part 470,Tires,Administration,"Chase,",137.61,439.05,49.55,18,15,B,True
SKU-0471,Body AC Parts Part 471,AC Parts,Admit,"Sharp,",223.48,182.65,21.32,24,93,B,True
SKU-0472,Wear AC Parts Part 472,AC Parts,Term,Morales,152.37,799.46,22.54,12,21,B,True
SKU-0473,Art Filtration Part 473,Filtration,Likely,Jenkins,497.01,622.75,11.92,26,85,B,True
SKU-0474,Democrat Tires Part 474,Tires,Paper,"Chavez,",431.22,492.11,21.47,20,27,B,True
SKU-0475,Small AC Parts Part 475,AC Parts,Seven,Contreras-Ross,407.7,646.3,28.55,18,45,B,True
SKU-0476,Whole Tires Part 476,Tires,Finish,Palmer-Stone,88.35,783.41,14.7,19,44,B,True
SKU-0477,Step Drivetrain Part 477,Drivetrain,Bed,"Butler,",259.64,721.12,40.78,5,62,B,True
SKU-0478,Exist Suspension Part 478,Suspension,General,Brooks,496.28,694.97,6.43,28,26,B,True
SKU-0479,Space Electrical Part 479,Electrical,Old,"Luna,",357.14,664.5,38.1,22,60,B,True
SKU-0480,Response Filtration Part 480,Filtration,Not,Faulkner,290.83,222.29,20.77,15,19,B,True
SKU-0481,Production Tires Part 481,Tires,Forward,"Barker,",440.66,83.54,25.83,9,98,B,True
SKU-0482,Star Drivetrain Part 482,Drivetrain,Ahead,Williams,187.69,760.7,16.43,1,21,B,True
SKU-0483,Affect Tires Part 483,Tires,Decide,Wolf,231.93,534.67,17.98,3,78,B,True
SKU-0484,Yourself Electrical Part 484,Electrical,Large,Allen,484.22,661.63,24.79,11,46,B,True
SKU-0485,Executive Electrical Part 485,Electrical,Senior,Bryant,291.08,457.25,24.32,11,97,B,True
SKU-0486,Thus AC Parts Part 486,AC Parts,From,Long-Schwartz,27.74,504.68,41.85,1,25,B,True
SKU-0487,Marriage Suspension Part 487,Suspension,Music,"Lopez,",83.2,370.65,49.59,14,35,B,True
SKU-0488,Trial Drivetrain Part 488,Drivetrain,Right,"Jones,",455.16,706.9,15.16,28,45,B,True
SKU-0489,These Braking Part 489,Braking,Finally,Liu,183.42,75.11,33.26,21,31,B,True
SKU-0490,Happy Braking Part 490,Braking,Could,"Richardson,",314.67,583.53,37.79,14,93,B,True
SKU-0491,Democratic Braking Part 491,Braking,Discover,Murphy,52.12,178.6,3.99,19,38,B,True
SKU-0492,Position Filtration Part 492,Filtration,Plan,Jones,225.31,16.37,17.24,4,64,B,True
SKU-0493,At Tires Part 493,Tires,Two,Rodgers,241.46,190.87,4.56,26,23,B,True
SKU-0494,Size Braking Part 494,Braking,Hard,"Garcia,",186.94,246.41,19.2,27,27,B,True
SKU-0495,Few Tires Part 495,Tires,Few,Anthony,340.18,64.05,28.21,20,93,B,True
SKU-0496,Rich Braking Part 496,Braking,Someone,Henderson-Reynolds,178.84,178.31,37.44,30,62,B,True
SKU-0497,Expect Tires Part 497,Tires,Partner,Ward,223.98,181.62,44.84,5,25,B,True
SKU-0498,All Tires Part 498,Tires,Imagine,Cooley,195.1,770.97,15.79,5,41,B,True
SKU-0499,Source Electrical Part 499,Electrical,Capital,"Velazquez,",46.7,447.18,30.04,20,46,B,True
SKU-0500,Around AC Parts Part 500,AC Parts,Training,"Smith,",346.79,679.83,32.95,10,36,B,True
SKU-0501,Church Filtration Part 501,Filtration,Pm,Roy-Ramirez,257.21,600.8,14.85,2,40,B,True
SKU-0502,Chair Filtration Part 502,Filtration,Nearly,"Richardson,",60.81,404.67,29.74,17,11,B,True
SKU-0503,Member Drivetrain Part 503,Drivetrain,Try,Harrison,467.29,114.27,43.05,19,63,B,True
SKU-0504,Though Electrical Part 504,Electrical,Across,Rice,343.06,612.55,47.73,25,19,B,True
SKU-0505,Organization Braking Part 505,Braking,Others,Day,38.43,217.13,2.09,2,60,B,True
SKU-0506,Degree Filtration Part 506,Filtration,My,"Davenport,",316.14,405.83,20.83,23,61,B,True
SKU-0507,Dark Braking Part 507,Braking,Probably,"Davis,",270.6,496.68,13.95,10,20,B,True
SKU-0508,Successful Filtration Part 508,Filtration,Treatment,Johnson,105.58,648.37,26.87,13,85,B,True
SKU-0509,Affect Tires Part 509,Tires,Range,Collins-Snyder,418.09,548.03,3.4,23,65,B,True
SKU-0510,Number Tires Part 510,Tires,South,"Anderson,",424.0,55.75,4.4,14,24,B,True
SKU-0511,Benefit Filtration Part 511,Filtration,Popular,Clarke-Bush,306.37,254.34,37.11,24,32,B,True
SKU-0512,Price Braking Part 512,Braking,Each,Bernard-Pugh,355.41,564.18,8.28,12,76,B,True
SKU-0513,Agent Filtration Part 513,Filtration,Heart,Harris,412.14,214.81,18.66,24,44,B,True
SKU-0514,Network Tires Part 514,Tires,Four,Hamilton-Wilson,63.44,720.92,16.82,14,44,B,True
SKU-0515,Clear Filtration Part 515,Filtration,Difficult,Simpson,135.16,780.29,31.41,16,68,B,True
SKU-0516,Generation Filtration Part 516,Filtration,Dream,Jordan,32.44,688.89,8.43,6,42,B,True
SKU-0517,Over AC Parts Part 517,AC Parts,Career,Weaver-Boyd,447.66,542.56,5.86,24,75,B,True
SKU-0518,Record Braking Part 518,Braking,Prove,Short-Woods,430.05,19.71,2.39,12,59,B,True
SKU-0519,Help Suspension Part 519,Suspension,Week,"Gordon,",93.59,768.67,1.86,26,93,B,True
SKU-0520,Fall Filtration Part 520,Filtration,Which,Clark-Kim,164.29,338.84,36.04,9,19,B,True
SKU-0521,Determine Tires Part 521,Tires,Hard,"Roberts,",64.1,541.93,2.73,8,76,B,True
SKU-0522,Charge Drivetrain Part 522,Drivetrain,Address,Perry-Mcknight,477.27,64.45,23.31,10,49,B,True
SKU-0523,Hard Electrical Part 523,Electrical,Be,Martinez,278.78,16.3,10.11,19,48,B,True
SKU-0524,Fact Tires Part 524,Tires,Guess,Powers,125.08,300.94,48.6,25,35,B,True
SKU-0525,Drive Tires Part 525,Tires,Crime,"Crawford,",275.55,638.82,7.61,30,62,B,True
SKU-0526,Public Braking Part 526,Braking,Choose,"Campbell,",273.06,512.39,34.7,1,52,B,True
SKU-0527,Hair Braking Part 527,Braking,Daughter,Smith,330.37,680.71,36.39,4,36,B,True
SKU-0528,Politics Filtration Part 528,Filtration,Season,"Anderson,",122.89,398.7,3.09,5,45,B,True
SKU-0529,Decide Braking Part 529,Braking,Account,"Palmer,",461.03,718.86,26.04,23,57,B,True
SKU-0530,Take Filtration Part 530,Filtration,Set,Dawson,375.21,468.81,25.32,21,60,B,True
SKU-0531,Important Braking Part 531,Braking,Under,Rush-Jackson,286.07,353.64,48.21,8,47,B,True
SKU-0532,Party Electrical Part 532,Electrical,Certain,Walker-Wright,160.93,642.65,35.07,24,51,B,True
SKU-0533,Body Electrical Part 533,Electrical,Plan,"Figueroa,",139.62,69.0,10.22,25,84,B,True
SKU-0534,Money Braking Part 534,Braking,Ten,Mccormick,57.3,365.16,15.77,4,78,B,True
SKU-0535,Right Electrical Part 535,Electrical,Must,"Serrano,",386.32,367.01,23.22,28,25,B,True
SKU-0536,Specific Braking Part 536,Braking,House,Vega-Ward,404.76,250.33,35.26,20,15,B,True
SKU-0537,Green Electrical Part 537,Electrical,Expert,Freeman,429.0,127.18,35.59,12,60,B,True
SKU-0538,Song Filtration Part 538,Filtration,Lawyer,"Greene,",340.21,215.53,49.53,1,61,B,True
SKU-0539,Family Suspension Part 539,Suspension,None,Hurst,280.2,444.6,4.83,4,27,B,True
SKU-0540,Need Braking Part 540,Braking,Wait,Evans-Perez,35.53,626.96,11.19,7,61,B,True
SKU-0541,Memory Electrical Part 541,Electrical,Protect,Ward-Lee,317.0,519.3,29.16,9,19,B,True
SKU-0542,Number Braking Part 542,Braking,Road,Smith-Martinez,36.91,722.97,22.23,5,21,B,True
SKU-0543,Address Suspension Part 543,Suspension,Pattern,Jimenez,415.53,271.92,2.23,15,16,B,True
SKU-0544,Glass Braking Part 544,Braking,Military,Brown-Martin,289.07,659.13,19.81,1,58,B,True
SKU-0545,How Tires Part 545,Tires,Republican,"Cuevas,",90.54,179.63,9.44,9,67,B,True
SKU-0546,Hour Suspension Part 546,Suspension,Compare,Moore-Richardson,22.15,499.15,12.36,10,73,B,True
SKU-0547,Machine Filtration Part 547,Filtration,Child,Hill,277.59,58.17,14.06,5,63,B,True
SKU-0548,Rise Braking Part 548,Braking,Recent,"Robinson,",442.9,425.39,31.57,26,79,B,True
SKU-0549,Despite AC Parts Part 549,AC Parts,Catch,"Bridges,",494.75,627.71,18.02,18,72,B,True
SKU-0550,Main Electrical Part 550,Electrical,Him,"Mayer,",285.0,264.07,13.59,1,50,B,True
SKU-0551,Tonight Tires Part 551,Tires,Write,Jones,19.51,650.44,14.12,26,70,B,True
SKU-0552,Guy Filtration Part 552,Filtration,Indeed,Garner-Munoz,384.59,799.69,48.7,4,41,B,True
SKU-0553,Image Tires Part 553,Tires,Reflect,"Wilson,",136.93,654.87,45.87,2,38,B,True
SKU-0554,During Tires Part 554,Tires,Business,"Shepherd,",491.42,316.85,46.77,28,32,B,True
SKU-0555,Figure Braking Part 555,Braking,Call,Cooper-Padilla,298.3,646.91,34.91,30,85,B,True
SKU-0556,Thousand Braking Part 556,Braking,Current,Jones,351.78,758.57,28.22,19,34,B,True
SKU-0557,Group AC Parts Part 557,AC Parts,Site,Burgess-Henson,406.15,776.61,27.15,6,72,B,True
SKU-0558,Analysis Braking Part 558,Braking,Country,"Huff,",32.8,485.31,1.09,16,10,B,True
SKU-0559,Pick Electrical Part 559,Electrical,Account,Richardson,309.0,647.09,17.1,6,51,B,True
SKU-0560,Most Braking Part 560,Braking,City,Jones,78.12,566.71,7.17,4,77,B,True
SKU-0561,Or Suspension Part 561,Suspension,Least,Wilson-Garcia,480.48,305.14,47.1,13,85,B,True
SKU-0562,Image Braking Part 562,Braking,Face,Nguyen,154.37,117.8,7.96,14,91,B,True
SKU-0563,Begin Drivetrain Part 563,Drivetrain,Story,Dixon,326.34,147.62,48.44,23,88,B,True
SKU-0564,Name AC Parts Part 564,AC Parts,Million,"Ward,",115.5,475.27,8.85,10,98,B,True
SKU-0565,Pressure Electrical Part 565,Electrical,Growth,Barry-Jacobson,92.97,11.42,35.13,19,60,B,True
SKU-0566,Least Suspension Part 566,Suspension,Phone,Gregory-Brooks,386.56,458.31,9.19,11,88,B,True
SKU-0567,Another Electrical Part 567,Electrical,Friend,Andrews,284.95,749.98,7.12,24,19,B,True
SKU-0568,Treat Electrical Part 568,Electrical,Own,"Whitaker,",491.28,142.63,44.28,3,100,B,True
SKU-0569,Participant Tires Part 569,Tires,Democrat,Morales-Davis,366.0,275.24,0.67,7,41,B,True
SKU-0570,Exactly Tires Part 570,Tires,Yourself,"Smith,",178.49,631.75,36.05,2,59,B,True
SKU-0571,Interesting Filtration Part 571,Filtration,Cultural,Moran-Gonzales,212.73,141.41,20.76,29,58,B,True
SKU-0572,Note Electrical Part 572,Electrical,Economy,Griffin-Russo,190.8,664.76,39.46,19,93,B,True
SKU-0573,Bag AC Parts Part 573,AC Parts,Its,Reid-Weber,116.66,366.52,39.98,2,47,B,True
SKU-0574,Present Braking Part 574,Braking,Fine,Holmes,134.26,92.73,17.16,29,58,B,True
SKU-0575,Throughout Braking Part 575,Braking,They,Hines-Mccann,42.13,754.05,48.9,11,86,B,True
SKU-0576,Account Drivetrain Part 576,Drivetrain,Best,Rivera,447.15,566.56,21.62,21,31,B,True
SKU-0577,Time Tires Part 577,Tires,Brother,Castro-Alvarez,219.93,52.31,16.62,7,62,B,True
SKU-0578,Professor Tires Part 578,Tires,Top,"Barry,",362.41,586.68,13.34,10,48,B,True
SKU-0579,Claim Electrical Part 579,Electrical,Own,Hamilton-Dean,29.57,461.7,42.01,5,16,B,True
SKU-0580,Strategy Electrical Part 580,Electrical,Pattern,Bryant-Johnston,216.66,242.69,33.13,20,71,B,True
SKU-0581,Lawyer Braking Part 581,Braking,Attorney,Ward,17.74,144.96,14.66,3,70,B,True
SKU-0582,Republican AC Parts Part 582,AC Parts,Smile,Hinton,157.63,324.0,24.51,22,43,B,True
SKU-0583,Economy Braking Part 583,Braking,Girl,Kirk-Jordan,274.34,156.06,44.29,12,33,B,True
SKU-0584,First Filtration Part 584,Filtration,Such,"Thompson,",135.33,377.4,11.39,9,82,B,True
SKU-0585,Hit Braking Part 585,Braking,When,Castro,377.36,537.3,4.38,12,79,B,True
SKU-0586,Surface Filtration Part 586,Filtration,Look,Ware-Hughes,379.45,189.74,3.14,13,76,B,True
SKU-0587,Message Filtration Part 587,Filtration,Walk,"Crawford,",270.08,694.85,23.79,29,40,B,True
SKU-0588,Machine Filtration Part 588,Filtration,Bit,Taylor,44.08,723.19,35.74,17,83,B,True
SKU-0589,Measure Suspension Part 589,Suspension,Man,Carpenter-Martin,401.22,545.25,31.05,4,67,B,True
SKU-0590,By Braking Part 590,Braking,Management,Little-Miles,492.26,778.01,40.44,5,15,B,True
SKU-0591,Truth Filtration Part 591,Filtration,Trip,Wilson-Craig,494.2,353.96,49.86,21,28,B,True
SKU-0592,Energy AC Parts Part 592,AC Parts,Process,Carter-Stephenson,132.65,729.54,45.72,3,21,B,True
SKU-0593,Feeling Electrical Part 593,Electrical,Stuff,"Williams,",201.69,267.64,13.88,15,11,B,True
SKU-0594,Me AC Parts Part 594,AC Parts,Each,"Roberts,",313.41,422.82,21.04,14,29,B,True
SKU-0595,Some Braking Part 595,Braking,Beautiful,"Golden,",296.03,609.12,46.99,30,23,B,True
SKU-0596,Language Tires Part 596,Tires,Want,"Houston,",54.99,236.01,26.83,12,62,B,True
SKU-0597,City Electrical Part 597,Electrical,Outside,Baxter,329.12,461.9,23.71,6,45,B,True
SKU-0598,Too Filtration Part 598,Filtration,Knowledge,Wise,311.03,547.84,20.15,13,52,B,True
SKU-0599,Friend Tires Part 599,Tires,Onto,Dillon-Johnston,29.4,385.42,13.5,12,12,B,True
SKU-0600,Recent Electrical Part 600,Electrical,Including,Reed,397.86,255.65,42.16,28,99,B,True
